recipe_id,recipe_name,prep_time,cook_time,servings,ingredient_id,units,quantity,preparation_notes,directions,cusine_path,calories,img_src,youtube_url
127,Applesauce Pork Chops,15 mins,45 mins,2,1145,tablespoon,1,,"Preheat the oven to 375 degrees F (190 degrees C).
Melt butter in a large skillet over medium heat; cook and stir apple and onion in melted butter until tender, about 5 minutes. Transfer apple and onion mixture to a bowl.
Place pork chops in the same skillet over medium heat; cook until pork chops are browned, about 5 minutes per side. Place pork chops in a 9x9-inch baking dish; season with salt and black pepper.
Mix applesauce, brown sugar, mustard, and cinnamon into apple and onion mixture. Spoon over pork chops.
Bake, covered, in the preheated oven until pork chops are no longer pink in the center, 30 to 45 minutes. An instant-read thermometer inserted into the center should read at least 145 degrees F (63 degrees C).",Main Dishes,402,https://www.allrecipes.com/thmb/QtBVGxFx_JUg-Xyn1jLe18DHMYQ=/1500x0/filters:no_upscale():max_bytes(150000):strip_icc()/4570368-applesauce-pork-chops-Gary-Lee-Gillmeister-4x3-1-38244a0ed7684dc396b8396f6aaa08cc.jpg,https://youtu.be/xq1va8oSr24?feature=shared
127,Applesauce Pork Chops,15 mins,45 mins,2,9004,,1,"peeled, cored, and sliced","Preheat the oven to 375 degrees F (190 degrees C).
Melt butter in a large skillet over medium heat; cook and stir apple and onion in melted butter until tender, about 5 minutes. Transfer apple and onion mixture to a bowl.
Place pork chops in the same skillet over medium heat; cook until pork chops are browned, about 5 minutes per side. Place pork chops in a 9x9-inch baking dish; season with salt and black pepper.
Mix applesauce, brown sugar, mustard, and cinnamon into apple and onion mixture. Spoon over pork chops.
Bake, covered, in the preheated oven until pork chops are no longer pink in the center, 30 to 45 minutes. An instant-read thermometer inserted into the center should read at least 145 degrees F (63 degrees C).",Main Dishes,402,https://www.allrecipes.com/thmb/QtBVGxFx_JUg-Xyn1jLe18DHMYQ=/1500x0/filters:no_upscale():max_bytes(150000):strip_icc()/4570368-applesauce-pork-chops-Gary-Lee-Gillmeister-4x3-1-38244a0ed7684dc396b8396f6aaa08cc.jpg,https://youtu.be/xq1va8oSr24?feature=shared
127,Applesauce Pork Chops,15 mins,45 mins,2,11282,cup,0.25, chopped ,"Preheat the oven to 375 degrees F (190 degrees C).
Melt butter in a large skillet over medium heat; cook and stir apple and onion in melted butter until tender, about 5 minutes. Transfer apple and onion mixture to a bowl.
Place pork chops in the same skillet over medium heat; cook until pork chops are browned, about 5 minutes per side. Place pork chops in a 9x9-inch baking dish; season with salt and black pepper.
Mix applesauce, brown sugar, mustard, and cinnamon into apple and onion mixture. Spoon over pork chops.
Bake, covered, in the preheated oven until pork chops are no longer pink in the center, 30 to 45 minutes. An instant-read thermometer inserted into the center should read at least 145 degrees F (63 degrees C).",Main Dishes,402,https://www.allrecipes.com/thmb/QtBVGxFx_JUg-Xyn1jLe18DHMYQ=/1500x0/filters:no_upscale():max_bytes(150000):strip_icc()/4570368-applesauce-pork-chops-Gary-Lee-Gillmeister-4x3-1-38244a0ed7684dc396b8396f6aaa08cc.jpg,https://youtu.be/xq1va8oSr24?feature=shared
127,Applesauce Pork Chops,15 mins,45 mins,2,O049,inch,2,1/2 thick ,"Preheat the oven to 375 degrees F (190 degrees C).
Melt butter in a large skillet over medium heat; cook and stir apple and onion in melted butter until tender, about 5 minutes. Transfer apple and onion mixture to a bowl.
Place pork chops in the same skillet over medium heat; cook until pork chops are browned, about 5 minutes per side. Place pork chops in a 9x9-inch baking dish; season with salt and black pepper.
Mix applesauce, brown sugar, mustard, and cinnamon into apple and onion mixture. Spoon over pork chops.
Bake, covered, in the preheated oven until pork chops are no longer pink in the center, 30 to 45 minutes. An instant-read thermometer inserted into the center should read at least 145 degrees F (63 degrees C).",Main Dishes,402,https://www.allrecipes.com/thmb/QtBVGxFx_JUg-Xyn1jLe18DHMYQ=/1500x0/filters:no_upscale():max_bytes(150000):strip_icc()/4570368-applesauce-pork-chops-Gary-Lee-Gillmeister-4x3-1-38244a0ed7684dc396b8396f6aaa08cc.jpg,https://youtu.be/xq1va8oSr24?feature=shared
127,Applesauce Pork Chops,15 mins,45 mins,2,2047,teaspoon,0.5,,"Preheat the oven to 375 degrees F (190 degrees C).
Melt butter in a large skillet over medium heat; cook and stir apple and onion in melted butter until tender, about 5 minutes. Transfer apple and onion mixture to a bowl.
Place pork chops in the same skillet over medium heat; cook until pork chops are browned, about 5 minutes per side. Place pork chops in a 9x9-inch baking dish; season with salt and black pepper.
Mix applesauce, brown sugar, mustard, and cinnamon into apple and onion mixture. Spoon over pork chops.
Bake, covered, in the preheated oven until pork chops are no longer pink in the center, 30 to 45 minutes. An instant-read thermometer inserted into the center should read at least 145 degrees F (63 degrees C).",Main Dishes,402,https://www.allrecipes.com/thmb/QtBVGxFx_JUg-Xyn1jLe18DHMYQ=/1500x0/filters:no_upscale():max_bytes(150000):strip_icc()/4570368-applesauce-pork-chops-Gary-Lee-Gillmeister-4x3-1-38244a0ed7684dc396b8396f6aaa08cc.jpg,https://youtu.be/xq1va8oSr24?feature=shared
127,Applesauce Pork Chops,15 mins,45 mins,2,2023,,, ground | to taste ,"Preheat the oven to 375 degrees F (190 degrees C).
Melt butter in a large skillet over medium heat; cook and stir apple and onion in melted butter until tender, about 5 minutes. Transfer apple and onion mixture to a bowl.
Place pork chops in the same skillet over medium heat; cook until pork chops are browned, about 5 minutes per side. Place pork chops in a 9x9-inch baking dish; season with salt and black pepper.
Mix applesauce, brown sugar, mustard, and cinnamon into apple and onion mixture. Spoon over pork chops.
Bake, covered, in the preheated oven until pork chops are no longer pink in the center, 30 to 45 minutes. An instant-read thermometer inserted into the center should read at least 145 degrees F (63 degrees C).",Main Dishes,402,https://www.allrecipes.com/thmb/QtBVGxFx_JUg-Xyn1jLe18DHMYQ=/1500x0/filters:no_upscale():max_bytes(150000):strip_icc()/4570368-applesauce-pork-chops-Gary-Lee-Gillmeister-4x3-1-38244a0ed7684dc396b8396f6aaa08cc.jpg,https://youtu.be/xq1va8oSr24?feature=shared
127,Applesauce Pork Chops,15 mins,45 mins,2,9020,cup,0.75,,"Preheat the oven to 375 degrees F (190 degrees C).
Melt butter in a large skillet over medium heat; cook and stir apple and onion in melted butter until tender, about 5 minutes. Transfer apple and onion mixture to a bowl.
Place pork chops in the same skillet over medium heat; cook until pork chops are browned, about 5 minutes per side. Place pork chops in a 9x9-inch baking dish; season with salt and black pepper.
Mix applesauce, brown sugar, mustard, and cinnamon into apple and onion mixture. Spoon over pork chops.
Bake, covered, in the preheated oven until pork chops are no longer pink in the center, 30 to 45 minutes. An instant-read thermometer inserted into the center should read at least 145 degrees F (63 degrees C).",Main Dishes,402,https://www.allrecipes.com/thmb/QtBVGxFx_JUg-Xyn1jLe18DHMYQ=/1500x0/filters:no_upscale():max_bytes(150000):strip_icc()/4570368-applesauce-pork-chops-Gary-Lee-Gillmeister-4x3-1-38244a0ed7684dc396b8396f6aaa08cc.jpg,https://youtu.be/xq1va8oSr24?feature=shared
127,Applesauce Pork Chops,15 mins,45 mins,2,19334,tablespoons,2,,"Preheat the oven to 375 degrees F (190 degrees C).
Melt butter in a large skillet over medium heat; cook and stir apple and onion in melted butter until tender, about 5 minutes. Transfer apple and onion mixture to a bowl.
Place pork chops in the same skillet over medium heat; cook until pork chops are browned, about 5 minutes per side. Place pork chops in a 9x9-inch baking dish; season with salt and black pepper.
Mix applesauce, brown sugar, mustard, and cinnamon into apple and onion mixture. Spoon over pork chops.
Bake, covered, in the preheated oven until pork chops are no longer pink in the center, 30 to 45 minutes. An instant-read thermometer inserted into the center should read at least 145 degrees F (63 degrees C).",Main Dishes,402,https://www.allrecipes.com/thmb/QtBVGxFx_JUg-Xyn1jLe18DHMYQ=/1500x0/filters:no_upscale():max_bytes(150000):strip_icc()/4570368-applesauce-pork-chops-Gary-Lee-Gillmeister-4x3-1-38244a0ed7684dc396b8396f6aaa08cc.jpg,https://youtu.be/xq1va8oSr24?feature=shared
127,Applesauce Pork Chops,15 mins,45 mins,2,2046,teaspoon,0.5, ground ,"Preheat the oven to 375 degrees F (190 degrees C).
Melt butter in a large skillet over medium heat; cook and stir apple and onion in melted butter until tender, about 5 minutes. Transfer apple and onion mixture to a bowl.
Place pork chops in the same skillet over medium heat; cook until pork chops are browned, about 5 minutes per side. Place pork chops in a 9x9-inch baking dish; season with salt and black pepper.
Mix applesauce, brown sugar, mustard, and cinnamon into apple and onion mixture. Spoon over pork chops.
Bake, covered, in the preheated oven until pork chops are no longer pink in the center, 30 to 45 minutes. An instant-read thermometer inserted into the center should read at least 145 degrees F (63 degrees C).",Main Dishes,402,https://www.allrecipes.com/thmb/QtBVGxFx_JUg-Xyn1jLe18DHMYQ=/1500x0/filters:no_upscale():max_bytes(150000):strip_icc()/4570368-applesauce-pork-chops-Gary-Lee-Gillmeister-4x3-1-38244a0ed7684dc396b8396f6aaa08cc.jpg,https://youtu.be/xq1va8oSr24?feature=shared
127,Applesauce Pork Chops,15 mins,45 mins,2,2010,teaspoon,0.125, ground ,"Preheat the oven to 375 degrees F (190 degrees C).
Melt butter in a large skillet over medium heat; cook and stir apple and onion in melted butter until tender, about 5 minutes. Transfer apple and onion mixture to a bowl.
Place pork chops in the same skillet over medium heat; cook until pork chops are browned, about 5 minutes per side. Place pork chops in a 9x9-inch baking dish; season with salt and black pepper.
Mix applesauce, brown sugar, mustard, and cinnamon into apple and onion mixture. Spoon over pork chops.
Bake, covered, in the preheated oven until pork chops are no longer pink in the center, 30 to 45 minutes. An instant-read thermometer inserted into the center should read at least 145 degrees F (63 degrees C).",Main Dishes,402,https://www.allrecipes.com/thmb/QtBVGxFx_JUg-Xyn1jLe18DHMYQ=/1500x0/filters:no_upscale():max_bytes(150000):strip_icc()/4570368-applesauce-pork-chops-Gary-Lee-Gillmeister-4x3-1-38244a0ed7684dc396b8396f6aaa08cc.jpg,https://youtu.be/xq1va8oSr24?feature=shared
234,Risotto with Fresh Figs and Prosciutto,10 mins,20 mins,4,6700,cup,4,,"Heat vegetable stock in a large pot and keep warm over low heat.
Heat 2 tablespoons butter and 1 tablespoon olive oil in a large, heavy-bottomed saucepan over medium-low heat. Add green onion; cook and stir until softened, about 1 minute. Pour in rice and stir until coated in butter and oil and starting to toast, 2 to 3 minutes. Increase heat and pour in wine. Simmer until alcohol has evaporated and the wine is mostly absorbed. Reduce heat to medium and stir in 1 ladle of boiling broth. Continue stirring until the rice has absorbed the liquid and turned creamy. Once the liquid has been fully absorbed, add the next ladle. Repeat this process, stirring constantly until all liquid has been used or rice is tender yet firm to the bite (al dente). Stirring in the broth should take 12 to 15 minutes in all.
Meanwhile, chop 10 figs. Melt 2 tablespoons butter in a medium skillet and cook chopped figs until soft and coated in butter, 4 to 5 minutes. Crush figs gently with a wooden spoon while cooking. Stir in prosciutto. Add fig-prosciutto mixture to the risotto when there are about 5 minutes left to cook.
Remove risotto from heat; stir in remaining 2 tablespoons butter and grated Pecorino romano cheese. Let stand for a few minutes.
Divide risotto evenly onto 4 plates, garnishing each with a whole fig before serving.",Main Dishes,738,https://www.allrecipes.com/thmb/fToQciXsEtySc6jOQSyWAM0R2KI=/1500x0/filters:no_upscale():max_bytes(150000):strip_icc()/5573419-ca11bf31d4f241d49f3b76b16a3d6f18.jpg,https://youtu.be/3Gs-Udf2DBE?feature=shared
234,Risotto with Fresh Figs and Prosciutto,10 mins,20 mins,4,1145,tablespoon,6,divided,"Heat vegetable stock in a large pot and keep warm over low heat.
Heat 2 tablespoons butter and 1 tablespoon olive oil in a large, heavy-bottomed saucepan over medium-low heat. Add green onion; cook and stir until softened, about 1 minute. Pour in rice and stir until coated in butter and oil and starting to toast, 2 to 3 minutes. Increase heat and pour in wine. Simmer until alcohol has evaporated and the wine is mostly absorbed. Reduce heat to medium and stir in 1 ladle of boiling broth. Continue stirring until the rice has absorbed the liquid and turned creamy. Once the liquid has been fully absorbed, add the next ladle. Repeat this process, stirring constantly until all liquid has been used or rice is tender yet firm to the bite (al dente). Stirring in the broth should take 12 to 15 minutes in all.
Meanwhile, chop 10 figs. Melt 2 tablespoons butter in a medium skillet and cook chopped figs until soft and coated in butter, 4 to 5 minutes. Crush figs gently with a wooden spoon while cooking. Stir in prosciutto. Add fig-prosciutto mixture to the risotto when there are about 5 minutes left to cook.
Remove risotto from heat; stir in remaining 2 tablespoons butter and grated Pecorino romano cheese. Let stand for a few minutes.
Divide risotto evenly onto 4 plates, garnishing each with a whole fig before serving.",Main Dishes,738,https://www.allrecipes.com/thmb/fToQciXsEtySc6jOQSyWAM0R2KI=/1500x0/filters:no_upscale():max_bytes(150000):strip_icc()/5573419-ca11bf31d4f241d49f3b76b16a3d6f18.jpg,https://youtu.be/3Gs-Udf2DBE?feature=shared
234,Risotto with Fresh Figs and Prosciutto,10 mins,20 mins,4,4053,tablespoon,1,extra-virgin,"Heat vegetable stock in a large pot and keep warm over low heat.
Heat 2 tablespoons butter and 1 tablespoon olive oil in a large, heavy-bottomed saucepan over medium-low heat. Add green onion; cook and stir until softened, about 1 minute. Pour in rice and stir until coated in butter and oil and starting to toast, 2 to 3 minutes. Increase heat and pour in wine. Simmer until alcohol has evaporated and the wine is mostly absorbed. Reduce heat to medium and stir in 1 ladle of boiling broth. Continue stirring until the rice has absorbed the liquid and turned creamy. Once the liquid has been fully absorbed, add the next ladle. Repeat this process, stirring constantly until all liquid has been used or rice is tender yet firm to the bite (al dente). Stirring in the broth should take 12 to 15 minutes in all.
Meanwhile, chop 10 figs. Melt 2 tablespoons butter in a medium skillet and cook chopped figs until soft and coated in butter, 4 to 5 minutes. Crush figs gently with a wooden spoon while cooking. Stir in prosciutto. Add fig-prosciutto mixture to the risotto when there are about 5 minutes left to cook.
Remove risotto from heat; stir in remaining 2 tablespoons butter and grated Pecorino romano cheese. Let stand for a few minutes.
Divide risotto evenly onto 4 plates, garnishing each with a whole fig before serving.",Main Dishes,738,https://www.allrecipes.com/thmb/fToQciXsEtySc6jOQSyWAM0R2KI=/1500x0/filters:no_upscale():max_bytes(150000):strip_icc()/5573419-ca11bf31d4f241d49f3b76b16a3d6f18.jpg,https://youtu.be/3Gs-Udf2DBE?feature=shared
234,Risotto with Fresh Figs and Prosciutto,10 mins,20 mins,4,11291,,1,finely chopped,"Heat vegetable stock in a large pot and keep warm over low heat.
Heat 2 tablespoons butter and 1 tablespoon olive oil in a large, heavy-bottomed saucepan over medium-low heat. Add green onion; cook and stir until softened, about 1 minute. Pour in rice and stir until coated in butter and oil and starting to toast, 2 to 3 minutes. Increase heat and pour in wine. Simmer until alcohol has evaporated and the wine is mostly absorbed. Reduce heat to medium and stir in 1 ladle of boiling broth. Continue stirring until the rice has absorbed the liquid and turned creamy. Once the liquid has been fully absorbed, add the next ladle. Repeat this process, stirring constantly until all liquid has been used or rice is tender yet firm to the bite (al dente). Stirring in the broth should take 12 to 15 minutes in all.
Meanwhile, chop 10 figs. Melt 2 tablespoons butter in a medium skillet and cook chopped figs until soft and coated in butter, 4 to 5 minutes. Crush figs gently with a wooden spoon while cooking. Stir in prosciutto. Add fig-prosciutto mixture to the risotto when there are about 5 minutes left to cook.
Remove risotto from heat; stir in remaining 2 tablespoons butter and grated Pecorino romano cheese. Let stand for a few minutes.
Divide risotto evenly onto 4 plates, garnishing each with a whole fig before serving.",Main Dishes,738,https://www.allrecipes.com/thmb/fToQciXsEtySc6jOQSyWAM0R2KI=/1500x0/filters:no_upscale():max_bytes(150000):strip_icc()/5573419-ca11bf31d4f241d49f3b76b16a3d6f18.jpg,https://youtu.be/3Gs-Udf2DBE?feature=shared
234,Risotto with Fresh Figs and Prosciutto,10 mins,20 mins,4,20044,package,1,,"Heat vegetable stock in a large pot and keep warm over low heat.
Heat 2 tablespoons butter and 1 tablespoon olive oil in a large, heavy-bottomed saucepan over medium-low heat. Add green onion; cook and stir until softened, about 1 minute. Pour in rice and stir until coated in butter and oil and starting to toast, 2 to 3 minutes. Increase heat and pour in wine. Simmer until alcohol has evaporated and the wine is mostly absorbed. Reduce heat to medium and stir in 1 ladle of boiling broth. Continue stirring until the rice has absorbed the liquid and turned creamy. Once the liquid has been fully absorbed, add the next ladle. Repeat this process, stirring constantly until all liquid has been used or rice is tender yet firm to the bite (al dente). Stirring in the broth should take 12 to 15 minutes in all.
Meanwhile, chop 10 figs. Melt 2 tablespoons butter in a medium skillet and cook chopped figs until soft and coated in butter, 4 to 5 minutes. Crush figs gently with a wooden spoon while cooking. Stir in prosciutto. Add fig-prosciutto mixture to the risotto when there are about 5 minutes left to cook.
Remove risotto from heat; stir in remaining 2 tablespoons butter and grated Pecorino romano cheese. Let stand for a few minutes.
Divide risotto evenly onto 4 plates, garnishing each with a whole fig before serving.",Main Dishes,738,https://www.allrecipes.com/thmb/fToQciXsEtySc6jOQSyWAM0R2KI=/1500x0/filters:no_upscale():max_bytes(150000):strip_icc()/5573419-ca11bf31d4f241d49f3b76b16a3d6f18.jpg,https://youtu.be/3Gs-Udf2DBE?feature=shared
234,Risotto with Fresh Figs and Prosciutto,10 mins,20 mins,4,43154,cup,0.5,dry,"Heat vegetable stock in a large pot and keep warm over low heat.
Heat 2 tablespoons butter and 1 tablespoon olive oil in a large, heavy-bottomed saucepan over medium-low heat. Add green onion; cook and stir until softened, about 1 minute. Pour in rice and stir until coated in butter and oil and starting to toast, 2 to 3 minutes. Increase heat and pour in wine. Simmer until alcohol has evaporated and the wine is mostly absorbed. Reduce heat to medium and stir in 1 ladle of boiling broth. Continue stirring until the rice has absorbed the liquid and turned creamy. Once the liquid has been fully absorbed, add the next ladle. Repeat this process, stirring constantly until all liquid has been used or rice is tender yet firm to the bite (al dente). Stirring in the broth should take 12 to 15 minutes in all.
Meanwhile, chop 10 figs. Melt 2 tablespoons butter in a medium skillet and cook chopped figs until soft and coated in butter, 4 to 5 minutes. Crush figs gently with a wooden spoon while cooking. Stir in prosciutto. Add fig-prosciutto mixture to the risotto when there are about 5 minutes left to cook.
Remove risotto from heat; stir in remaining 2 tablespoons butter and grated Pecorino romano cheese. Let stand for a few minutes.
Divide risotto evenly onto 4 plates, garnishing each with a whole fig before serving.",Main Dishes,738,https://www.allrecipes.com/thmb/fToQciXsEtySc6jOQSyWAM0R2KI=/1500x0/filters:no_upscale():max_bytes(150000):strip_icc()/5573419-ca11bf31d4f241d49f3b76b16a3d6f18.jpg,https://youtu.be/3Gs-Udf2DBE?feature=shared
234,Risotto with Fresh Figs and Prosciutto,10 mins,20 mins,4,9089,,14,divided,"Heat vegetable stock in a large pot and keep warm over low heat.
Heat 2 tablespoons butter and 1 tablespoon olive oil in a large, heavy-bottomed saucepan over medium-low heat. Add green onion; cook and stir until softened, about 1 minute. Pour in rice and stir until coated in butter and oil and starting to toast, 2 to 3 minutes. Increase heat and pour in wine. Simmer until alcohol has evaporated and the wine is mostly absorbed. Reduce heat to medium and stir in 1 ladle of boiling broth. Continue stirring until the rice has absorbed the liquid and turned creamy. Once the liquid has been fully absorbed, add the next ladle. Repeat this process, stirring constantly until all liquid has been used or rice is tender yet firm to the bite (al dente). Stirring in the broth should take 12 to 15 minutes in all.
Meanwhile, chop 10 figs. Melt 2 tablespoons butter in a medium skillet and cook chopped figs until soft and coated in butter, 4 to 5 minutes. Crush figs gently with a wooden spoon while cooking. Stir in prosciutto. Add fig-prosciutto mixture to the risotto when there are about 5 minutes left to cook.
Remove risotto from heat; stir in remaining 2 tablespoons butter and grated Pecorino romano cheese. Let stand for a few minutes.
Divide risotto evenly onto 4 plates, garnishing each with a whole fig before serving.",Main Dishes,738,https://www.allrecipes.com/thmb/fToQciXsEtySc6jOQSyWAM0R2KI=/1500x0/filters:no_upscale():max_bytes(150000):strip_icc()/5573419-ca11bf31d4f241d49f3b76b16a3d6f18.jpg,https://youtu.be/3Gs-Udf2DBE?feature=shared
234,Risotto with Fresh Figs and Prosciutto,10 mins,20 mins,4,P ,,4,thin slices | finely chopped,"Heat vegetable stock in a large pot and keep warm over low heat.
Heat 2 tablespoons butter and 1 tablespoon olive oil in a large, heavy-bottomed saucepan over medium-low heat. Add green onion; cook and stir until softened, about 1 minute. Pour in rice and stir until coated in butter and oil and starting to toast, 2 to 3 minutes. Increase heat and pour in wine. Simmer until alcohol has evaporated and the wine is mostly absorbed. Reduce heat to medium and stir in 1 ladle of boiling broth. Continue stirring until the rice has absorbed the liquid and turned creamy. Once the liquid has been fully absorbed, add the next ladle. Repeat this process, stirring constantly until all liquid has been used or rice is tender yet firm to the bite (al dente). Stirring in the broth should take 12 to 15 minutes in all.
Meanwhile, chop 10 figs. Melt 2 tablespoons butter in a medium skillet and cook chopped figs until soft and coated in butter, 4 to 5 minutes. Crush figs gently with a wooden spoon while cooking. Stir in prosciutto. Add fig-prosciutto mixture to the risotto when there are about 5 minutes left to cook.
Remove risotto from heat; stir in remaining 2 tablespoons butter and grated Pecorino romano cheese. Let stand for a few minutes.
Divide risotto evenly onto 4 plates, garnishing each with a whole fig before serving.",Main Dishes,738,https://www.allrecipes.com/thmb/fToQciXsEtySc6jOQSyWAM0R2KI=/1500x0/filters:no_upscale():max_bytes(150000):strip_icc()/5573419-ca11bf31d4f241d49f3b76b16a3d6f18.jpg,https://youtu.be/3Gs-Udf2DBE?feature=shared
234,Risotto with Fresh Figs and Prosciutto,10 mins,20 mins,4,PRC ,cup,1,grated | or to taste,"Heat vegetable stock in a large pot and keep warm over low heat.
Heat 2 tablespoons butter and 1 tablespoon olive oil in a large, heavy-bottomed saucepan over medium-low heat. Add green onion; cook and stir until softened, about 1 minute. Pour in rice and stir until coated in butter and oil and starting to toast, 2 to 3 minutes. Increase heat and pour in wine. Simmer until alcohol has evaporated and the wine is mostly absorbed. Reduce heat to medium and stir in 1 ladle of boiling broth. Continue stirring until the rice has absorbed the liquid and turned creamy. Once the liquid has been fully absorbed, add the next ladle. Repeat this process, stirring constantly until all liquid has been used or rice is tender yet firm to the bite (al dente). Stirring in the broth should take 12 to 15 minutes in all.
Meanwhile, chop 10 figs. Melt 2 tablespoons butter in a medium skillet and cook chopped figs until soft and coated in butter, 4 to 5 minutes. Crush figs gently with a wooden spoon while cooking. Stir in prosciutto. Add fig-prosciutto mixture to the risotto when there are about 5 minutes left to cook.
Remove risotto from heat; stir in remaining 2 tablespoons butter and grated Pecorino romano cheese. Let stand for a few minutes.
Divide risotto evenly onto 4 plates, garnishing each with a whole fig before serving.",Main Dishes,738,https://www.allrecipes.com/thmb/fToQciXsEtySc6jOQSyWAM0R2KI=/1500x0/filters:no_upscale():max_bytes(150000):strip_icc()/5573419-ca11bf31d4f241d49f3b76b16a3d6f18.jpg,https://youtu.be/3Gs-Udf2DBE?feature=shared
253,Refreshing Cucumber Watermelon Salad,15 mins,,10,RO,,1,small | halved and sliced into thin half-moons,"Mix red onion with lime juice in a bowl; set side to marinate at least 10 minutes. Stir olive oil into mixture.
Toss watermelon, baby cucumbers, and feta cheese together in a large bowl. Pour the red onion mixture over the watermelon mixture; toss to coat. Sprinkle mint over the salad; toss.",Salad,227,https://www.allrecipes.com/thmb/HZOCddZET_a5p2izXu58DStrLJE=/1500x0/filters:no_upscale():max_bytes(150000):strip_icc()/2254698-820b1dca6223417293be5de41939c331.jpg,https://youtu.be/nMi1X3kiSR0?feature=shared
253,Refreshing Cucumber Watermelon Salad,15 mins,,10,9160,tablespoon,2,or more to taste,"Mix red onion with lime juice in a bowl; set side to marinate at least 10 minutes. Stir olive oil into mixture.
Toss watermelon, baby cucumbers, and feta cheese together in a large bowl. Pour the red onion mixture over the watermelon mixture; toss to coat. Sprinkle mint over the salad; toss.",Salad,227,https://www.allrecipes.com/thmb/HZOCddZET_a5p2izXu58DStrLJE=/1500x0/filters:no_upscale():max_bytes(150000):strip_icc()/2254698-820b1dca6223417293be5de41939c331.jpg,https://youtu.be/nMi1X3kiSR0?feature=shared
253,Refreshing Cucumber Watermelon Salad,15 mins,,10,4053,tablespoon,2,extra-virgin,"Mix red onion with lime juice in a bowl; set side to marinate at least 10 minutes. Stir olive oil into mixture.
Toss watermelon, baby cucumbers, and feta cheese together in a large bowl. Pour the red onion mixture over the watermelon mixture; toss to coat. Sprinkle mint over the salad; toss.",Salad,227,https://www.allrecipes.com/thmb/HZOCddZET_a5p2izXu58DStrLJE=/1500x0/filters:no_upscale():max_bytes(150000):strip_icc()/2254698-820b1dca6223417293be5de41939c331.jpg,https://youtu.be/nMi1X3kiSR0?feature=shared
253,Refreshing Cucumber Watermelon Salad,15 mins,,10,9326,,1,seedless | cut into cubes,"Mix red onion with lime juice in a bowl; set side to marinate at least 10 minutes. Stir olive oil into mixture.
Toss watermelon, baby cucumbers, and feta cheese together in a large bowl. Pour the red onion mixture over the watermelon mixture; toss to coat. Sprinkle mint over the salad; toss.",Salad,227,https://www.allrecipes.com/thmb/HZOCddZET_a5p2izXu58DStrLJE=/1500x0/filters:no_upscale():max_bytes(150000):strip_icc()/2254698-820b1dca6223417293be5de41939c331.jpg,https://youtu.be/nMi1X3kiSR0?feature=shared
253,Refreshing Cucumber Watermelon Salad,15 mins,,10,D044,,3,seeded and cut into cubes,"Mix red onion with lime juice in a bowl; set side to marinate at least 10 minutes. Stir olive oil into mixture.
Toss watermelon, baby cucumbers, and feta cheese together in a large bowl. Pour the red onion mixture over the watermelon mixture; toss to coat. Sprinkle mint over the salad; toss.",Salad,227,https://www.allrecipes.com/thmb/HZOCddZET_a5p2izXu58DStrLJE=/1500x0/filters:no_upscale():max_bytes(150000):strip_icc()/2254698-820b1dca6223417293be5de41939c331.jpg,https://youtu.be/nMi1X3kiSR0?feature=shared
253,Refreshing Cucumber Watermelon Salad,15 mins,,10,1019,cup,1,crumbled,"Mix red onion with lime juice in a bowl; set side to marinate at least 10 minutes. Stir olive oil into mixture.
Toss watermelon, baby cucumbers, and feta cheese together in a large bowl. Pour the red onion mixture over the watermelon mixture; toss to coat. Sprinkle mint over the salad; toss.",Salad,227,https://www.allrecipes.com/thmb/HZOCddZET_a5p2izXu58DStrLJE=/1500x0/filters:no_upscale():max_bytes(150000):strip_icc()/2254698-820b1dca6223417293be5de41939c331.jpg,https://youtu.be/nMi1X3kiSR0?feature=shared
253,Refreshing Cucumber Watermelon Salad,15 mins,,10,G016,cup,0.5,slice thinly,"Mix red onion with lime juice in a bowl; set side to marinate at least 10 minutes. Stir olive oil into mixture.
Toss watermelon, baby cucumbers, and feta cheese together in a large bowl. Pour the red onion mixture over the watermelon mixture; toss to coat. Sprinkle mint over the salad; toss.",Salad,227,https://www.allrecipes.com/thmb/HZOCddZET_a5p2izXu58DStrLJE=/1500x0/filters:no_upscale():max_bytes(150000):strip_icc()/2254698-820b1dca6223417293be5de41939c331.jpg,https://youtu.be/nMi1X3kiSR0?feature=shared
328,Pan-Fried Shrimp,5 mins,5 mins,4,1145,tablespoon,8,divided,"Melt 6 tablespoons butter in a large skillet over high heat. Add shrimp; cook and stir in hot butter until browned, about 2 minutes. Reduce heat to medium-low.
Stir in 1 1/2 teaspoons lemon juice, garlic salt, salt, and pepper; cook until heated through, about 1 minute. Remove from heat; stir in remaining 2 tablespoons butter and 1 1/2 teaspoons lemon juice.",Main Dishes,292,https://www.allrecipes.com/thmb/-B_6W9N3G5M3A0RlkzJlDF23ckw=/1500x0/filters:no_upscale():max_bytes(150000):strip_icc()/4600372-d5c775915fe34f12a76d6dede8b6a4af.jpg,https://youtu.be/vCkSjYw4XSk?feature=shared
328,Pan-Fried Shrimp,5 mins,5 mins,4,15270,pound,1,peeled and deveined,"Melt 6 tablespoons butter in a large skillet over high heat. Add shrimp; cook and stir in hot butter until browned, about 2 minutes. Reduce heat to medium-low.
Stir in 1 1/2 teaspoons lemon juice, garlic salt, salt, and pepper; cook until heated through, about 1 minute. Remove from heat; stir in remaining 2 tablespoons butter and 1 1/2 teaspoons lemon juice.",Main Dishes,292,https://www.allrecipes.com/thmb/-B_6W9N3G5M3A0RlkzJlDF23ckw=/1500x0/filters:no_upscale():max_bytes(150000):strip_icc()/4600372-d5c775915fe34f12a76d6dede8b6a4af.jpg,https://youtu.be/vCkSjYw4XSk?feature=shared
328,Pan-Fried Shrimp,5 mins,5 mins,4,9152,tablespoon,1,divided,"Melt 6 tablespoons butter in a large skillet over high heat. Add shrimp; cook and stir in hot butter until browned, about 2 minutes. Reduce heat to medium-low.
Stir in 1 1/2 teaspoons lemon juice, garlic salt, salt, and pepper; cook until heated through, about 1 minute. Remove from heat; stir in remaining 2 tablespoons butter and 1 1/2 teaspoons lemon juice.",Main Dishes,292,https://www.allrecipes.com/thmb/-B_6W9N3G5M3A0RlkzJlDF23ckw=/1500x0/filters:no_upscale():max_bytes(150000):strip_icc()/4600372-d5c775915fe34f12a76d6dede8b6a4af.jpg,https://youtu.be/vCkSjYw4XSk?feature=shared
328,Pan-Fried Shrimp,5 mins,5 mins,4,GS,pinch,1,or to taste,"Melt 6 tablespoons butter in a large skillet over high heat. Add shrimp; cook and stir in hot butter until browned, about 2 minutes. Reduce heat to medium-low.
Stir in 1 1/2 teaspoons lemon juice, garlic salt, salt, and pepper; cook until heated through, about 1 minute. Remove from heat; stir in remaining 2 tablespoons butter and 1 1/2 teaspoons lemon juice.",Main Dishes,292,https://www.allrecipes.com/thmb/-B_6W9N3G5M3A0RlkzJlDF23ckw=/1500x0/filters:no_upscale():max_bytes(150000):strip_icc()/4600372-d5c775915fe34f12a76d6dede8b6a4af.jpg,https://youtu.be/vCkSjYw4XSk?feature=shared
328,Pan-Fried Shrimp,5 mins,5 mins,4,2047,,,to taste,"Melt 6 tablespoons butter in a large skillet over high heat. Add shrimp; cook and stir in hot butter until browned, about 2 minutes. Reduce heat to medium-low.
Stir in 1 1/2 teaspoons lemon juice, garlic salt, salt, and pepper; cook until heated through, about 1 minute. Remove from heat; stir in remaining 2 tablespoons butter and 1 1/2 teaspoons lemon juice.",Main Dishes,292,https://www.allrecipes.com/thmb/-B_6W9N3G5M3A0RlkzJlDF23ckw=/1500x0/filters:no_upscale():max_bytes(150000):strip_icc()/4600372-d5c775915fe34f12a76d6dede8b6a4af.jpg,https://youtu.be/vCkSjYw4XSk?feature=shared
328,Pan-Fried Shrimp,5 mins,5 mins,4,2023,,,ground | to taste,"Melt 6 tablespoons butter in a large skillet over high heat. Add shrimp; cook and stir in hot butter until browned, about 2 minutes. Reduce heat to medium-low.
Stir in 1 1/2 teaspoons lemon juice, garlic salt, salt, and pepper; cook until heated through, about 1 minute. Remove from heat; stir in remaining 2 tablespoons butter and 1 1/2 teaspoons lemon juice.",Main Dishes,292,https://www.allrecipes.com/thmb/-B_6W9N3G5M3A0RlkzJlDF23ckw=/1500x0/filters:no_upscale():max_bytes(150000):strip_icc()/4600372-d5c775915fe34f12a76d6dede8b6a4af.jpg,https://youtu.be/vCkSjYw4XSk?feature=shared
451,Gorgonzola Pear Pasta,10 mins,15 mins,2,PP,ounces,9,,"Bring a large pot of lightly salted water to a rolling boil. Cook penne in the boiling water, stirring occasionally, until tender yet firm to the bite, about 11 minutes; drain.
Return drained pasta to the pot; stir butter, Parmesan cheese, and Gorgonzola cheese into pasta and place over medium heat; cook until the cheese is completely melted. Pour cream into pasta mixture; stir. Remove from heat and fold in pear. Top with walnuts. Season with pepper and serve.",Main Dishes,1865,https://www.allrecipes.com/thmb/oHJcVNwpTSwFVg_bJ32wQdVKXdQ=/1500x0/filters:no_upscale():max_bytes(150000):strip_icc()/417586-bac5d533d4e040119a884043146e476c.jpg,https://youtu.be/GvEXG_X-Clw?feature=shared
451,Gorgonzola Pear Pasta,10 mins,15 mins,2,1145,tablespoon,2,,"Bring a large pot of lightly salted water to a rolling boil. Cook penne in the boiling water, stirring occasionally, until tender yet firm to the bite, about 11 minutes; drain.
Return drained pasta to the pot; stir butter, Parmesan cheese, and Gorgonzola cheese into pasta and place over medium heat; cook until the cheese is completely melted. Pour cream into pasta mixture; stir. Remove from heat and fold in pear. Top with walnuts. Season with pepper and serve.",Main Dishes,1865,https://www.allrecipes.com/thmb/oHJcVNwpTSwFVg_bJ32wQdVKXdQ=/1500x0/filters:no_upscale():max_bytes(150000):strip_icc()/417586-bac5d533d4e040119a884043146e476c.jpg,https://youtu.be/GvEXG_X-Clw?feature=shared
451,Gorgonzola Pear Pasta,10 mins,15 mins,2,1032,cup,0.5,grated,"Bring a large pot of lightly salted water to a rolling boil. Cook penne in the boiling water, stirring occasionally, until tender yet firm to the bite, about 11 minutes; drain.
Return drained pasta to the pot; stir butter, Parmesan cheese, and Gorgonzola cheese into pasta and place over medium heat; cook until the cheese is completely melted. Pour cream into pasta mixture; stir. Remove from heat and fold in pear. Top with walnuts. Season with pepper and serve.",Main Dishes,1865,https://www.allrecipes.com/thmb/oHJcVNwpTSwFVg_bJ32wQdVKXdQ=/1500x0/filters:no_upscale():max_bytes(150000):strip_icc()/417586-bac5d533d4e040119a884043146e476c.jpg,https://youtu.be/GvEXG_X-Clw?feature=shared
451,Gorgonzola Pear Pasta,10 mins,15 mins,2,1004,tablespoon,3,crumbled,"Bring a large pot of lightly salted water to a rolling boil. Cook penne in the boiling water, stirring occasionally, until tender yet firm to the bite, about 11 minutes; drain.
Return drained pasta to the pot; stir butter, Parmesan cheese, and Gorgonzola cheese into pasta and place over medium heat; cook until the cheese is completely melted. Pour cream into pasta mixture; stir. Remove from heat and fold in pear. Top with walnuts. Season with pepper and serve.",Main Dishes,1865,https://www.allrecipes.com/thmb/oHJcVNwpTSwFVg_bJ32wQdVKXdQ=/1500x0/filters:no_upscale():max_bytes(150000):strip_icc()/417586-bac5d533d4e040119a884043146e476c.jpg,https://youtu.be/GvEXG_X-Clw?feature=shared
451,Gorgonzola Pear Pasta,10 mins,15 mins,2,1053,cup,0.5,heavy,"Bring a large pot of lightly salted water to a rolling boil. Cook penne in the boiling water, stirring occasionally, until tender yet firm to the bite, about 11 minutes; drain.
Return drained pasta to the pot; stir butter, Parmesan cheese, and Gorgonzola cheese into pasta and place over medium heat; cook until the cheese is completely melted. Pour cream into pasta mixture; stir. Remove from heat and fold in pear. Top with walnuts. Season with pepper and serve.",Main Dishes,1865,https://www.allrecipes.com/thmb/oHJcVNwpTSwFVg_bJ32wQdVKXdQ=/1500x0/filters:no_upscale():max_bytes(150000):strip_icc()/417586-bac5d533d4e040119a884043146e476c.jpg,https://youtu.be/GvEXG_X-Clw?feature=shared
451,Gorgonzola Pear Pasta,10 mins,15 mins,2,E051,,1,peeled and cubed,"Bring a large pot of lightly salted water to a rolling boil. Cook penne in the boiling water, stirring occasionally, until tender yet firm to the bite, about 11 minutes; drain.
Return drained pasta to the pot; stir butter, Parmesan cheese, and Gorgonzola cheese into pasta and place over medium heat; cook until the cheese is completely melted. Pour cream into pasta mixture; stir. Remove from heat and fold in pear. Top with walnuts. Season with pepper and serve.",Main Dishes,1865,https://www.allrecipes.com/thmb/oHJcVNwpTSwFVg_bJ32wQdVKXdQ=/1500x0/filters:no_upscale():max_bytes(150000):strip_icc()/417586-bac5d533d4e040119a884043146e476c.jpg,https://youtu.be/GvEXG_X-Clw?feature=shared
451,Gorgonzola Pear Pasta,10 mins,15 mins,2,H021,cup,0.5,chopped toasted,"Bring a large pot of lightly salted water to a rolling boil. Cook penne in the boiling water, stirring occasionally, until tender yet firm to the bite, about 11 minutes; drain.
Return drained pasta to the pot; stir butter, Parmesan cheese, and Gorgonzola cheese into pasta and place over medium heat; cook until the cheese is completely melted. Pour cream into pasta mixture; stir. Remove from heat and fold in pear. Top with walnuts. Season with pepper and serve.",Main Dishes,1865,https://www.allrecipes.com/thmb/oHJcVNwpTSwFVg_bJ32wQdVKXdQ=/1500x0/filters:no_upscale():max_bytes(150000):strip_icc()/417586-bac5d533d4e040119a884043146e476c.jpg,https://youtu.be/GvEXG_X-Clw?feature=shared
451,Gorgonzola Pear Pasta,10 mins,15 mins,2,2023,,,ground | to taste,"Bring a large pot of lightly salted water to a rolling boil. Cook penne in the boiling water, stirring occasionally, until tender yet firm to the bite, about 11 minutes; drain.
Return drained pasta to the pot; stir butter, Parmesan cheese, and Gorgonzola cheese into pasta and place over medium heat; cook until the cheese is completely melted. Pour cream into pasta mixture; stir. Remove from heat and fold in pear. Top with walnuts. Season with pepper and serve.",Main Dishes,1865,https://www.allrecipes.com/thmb/oHJcVNwpTSwFVg_bJ32wQdVKXdQ=/1500x0/filters:no_upscale():max_bytes(150000):strip_icc()/417586-bac5d533d4e040119a884043146e476c.jpg,https://youtu.be/GvEXG_X-Clw?feature=shared
582,Joy's Easy Banana Bread,15 mins,1 hrs,10,E009,,3,ripe | mashed,"Preheat the oven to 325 degrees F (165 degrees C). Grease a 9x5-inch loaf pan.
Combine bananas, sugar, egg, and butter together in a bowl. Mix flour and baking soda together in a separate bowl; stir into banana mixture until batter is just mixed. Stir in salt; pour batter into the prepared loaf pan.
Bake in the preheated oven until a toothpick inserted in the center of the bread comes out clean, about 1 hour.











Dotdash Meredith Food Studios
",Bread,225,https://www.allrecipes.com/thmb/j7X-zgn5hOCJDqi21G0PHjZtPyQ=/1500x0/filters:no_upscale():max_bytes(150000):strip_icc()/241707-joys-easy-banana-bread-mfs-287-a6d07a3519d74ba0b420fa5cbcef4909.jpg,https://youtu.be/UHOJUtn6EMY?feature=shared
582,Joy's Easy Banana Bread,15 mins,1 hrs,10,19335,cup,1,,"Preheat the oven to 325 degrees F (165 degrees C). Grease a 9x5-inch loaf pan.
Combine bananas, sugar, egg, and butter together in a bowl. Mix flour and baking soda together in a separate bowl; stir into banana mixture until batter is just mixed. Stir in salt; pour batter into the prepared loaf pan.
Bake in the preheated oven until a toothpick inserted in the center of the bread comes out clean, about 1 hour.











Dotdash Meredith Food Studios
",Bread,225,https://www.allrecipes.com/thmb/j7X-zgn5hOCJDqi21G0PHjZtPyQ=/1500x0/filters:no_upscale():max_bytes(150000):strip_icc()/241707-joys-easy-banana-bread-mfs-287-a6d07a3519d74ba0b420fa5cbcef4909.jpg,https://youtu.be/UHOJUtn6EMY?feature=shared
582,Joy's Easy Banana Bread,15 mins,1 hrs,10,M001,,1,,"Preheat the oven to 325 degrees F (165 degrees C). Grease a 9x5-inch loaf pan.
Combine bananas, sugar, egg, and butter together in a bowl. Mix flour and baking soda together in a separate bowl; stir into banana mixture until batter is just mixed. Stir in salt; pour batter into the prepared loaf pan.
Bake in the preheated oven until a toothpick inserted in the center of the bread comes out clean, about 1 hour.











Dotdash Meredith Food Studios
",Bread,225,https://www.allrecipes.com/thmb/j7X-zgn5hOCJDqi21G0PHjZtPyQ=/1500x0/filters:no_upscale():max_bytes(150000):strip_icc()/241707-joys-easy-banana-bread-mfs-287-a6d07a3519d74ba0b420fa5cbcef4909.jpg,https://youtu.be/UHOJUtn6EMY?feature=shared
582,Joy's Easy Banana Bread,15 mins,1 hrs,10,1145,cup,0.25,melted,"Preheat the oven to 325 degrees F (165 degrees C). Grease a 9x5-inch loaf pan.
Combine bananas, sugar, egg, and butter together in a bowl. Mix flour and baking soda together in a separate bowl; stir into banana mixture until batter is just mixed. Stir in salt; pour batter into the prepared loaf pan.
Bake in the preheated oven until a toothpick inserted in the center of the bread comes out clean, about 1 hour.











Dotdash Meredith Food Studios
",Bread,225,https://www.allrecipes.com/thmb/j7X-zgn5hOCJDqi21G0PHjZtPyQ=/1500x0/filters:no_upscale():max_bytes(150000):strip_icc()/241707-joys-easy-banana-bread-mfs-287-a6d07a3519d74ba0b420fa5cbcef4909.jpg,https://youtu.be/UHOJUtn6EMY?feature=shared
582,Joy's Easy Banana Bread,15 mins,1 hrs,10,20481,cup,1.5,,"Preheat the oven to 325 degrees F (165 degrees C). Grease a 9x5-inch loaf pan.
Combine bananas, sugar, egg, and butter together in a bowl. Mix flour and baking soda together in a separate bowl; stir into banana mixture until batter is just mixed. Stir in salt; pour batter into the prepared loaf pan.
Bake in the preheated oven until a toothpick inserted in the center of the bread comes out clean, about 1 hour.











Dotdash Meredith Food Studios
",Bread,225,https://www.allrecipes.com/thmb/j7X-zgn5hOCJDqi21G0PHjZtPyQ=/1500x0/filters:no_upscale():max_bytes(150000):strip_icc()/241707-joys-easy-banana-bread-mfs-287-a6d07a3519d74ba0b420fa5cbcef4909.jpg,https://youtu.be/UHOJUtn6EMY?feature=shared
582,Joy's Easy Banana Bread,15 mins,1 hrs,10,18372,teaspoon,1,,"Preheat the oven to 325 degrees F (165 degrees C). Grease a 9x5-inch loaf pan.
Combine bananas, sugar, egg, and butter together in a bowl. Mix flour and baking soda together in a separate bowl; stir into banana mixture until batter is just mixed. Stir in salt; pour batter into the prepared loaf pan.
Bake in the preheated oven until a toothpick inserted in the center of the bread comes out clean, about 1 hour.











Dotdash Meredith Food Studios
",Bread,225,https://www.allrecipes.com/thmb/j7X-zgn5hOCJDqi21G0PHjZtPyQ=/1500x0/filters:no_upscale():max_bytes(150000):strip_icc()/241707-joys-easy-banana-bread-mfs-287-a6d07a3519d74ba0b420fa5cbcef4909.jpg,https://youtu.be/UHOJUtn6EMY?feature=shared
582,Joy's Easy Banana Bread,15 mins,1 hrs,10,2047,teaspoon,1,,"Preheat the oven to 325 degrees F (165 degrees C). Grease a 9x5-inch loaf pan.
Combine bananas, sugar, egg, and butter together in a bowl. Mix flour and baking soda together in a separate bowl; stir into banana mixture until batter is just mixed. Stir in salt; pour batter into the prepared loaf pan.
Bake in the preheated oven until a toothpick inserted in the center of the bread comes out clean, about 1 hour.











Dotdash Meredith Food Studios
",Bread,225,https://www.allrecipes.com/thmb/j7X-zgn5hOCJDqi21G0PHjZtPyQ=/1500x0/filters:no_upscale():max_bytes(150000):strip_icc()/241707-joys-easy-banana-bread-mfs-287-a6d07a3519d74ba0b420fa5cbcef4909.jpg,https://youtu.be/UHOJUtn6EMY?feature=shared
177,Cherry Chicken Salad,15 mins,,4,5061,,3,"cooked, boneless | halves, diced","In a large bowl, combine the chicken, dried cherries, celery, nuts, mayonnaise, milk, salt and pepper and apple if desired. Toss together well and refrigerate until chilled. Serve on toasted cracked wheat bread or croissants.",Salad,261,https://www.allrecipes.com/thmb/aKCKs0GrF4JY1s3kTEqZgsx8wf0=/1500x0/filters:no_upscale():max_bytes(150000):strip_icc()/39072-ddc963c7bc114cedad71d6420951c314.jpg,https://youtu.be/YkZlerfqTnI?feature=shared
177,Cherry Chicken Salad,15 mins,,4,9070,cup,0.33333, dried ,"In a large bowl, combine the chicken, dried cherries, celery, nuts, mayonnaise, milk, salt and pepper and apple if desired. Toss together well and refrigerate until chilled. Serve on toasted cracked wheat bread or croissants.",Salad,261,https://www.allrecipes.com/thmb/aKCKs0GrF4JY1s3kTEqZgsx8wf0=/1500x0/filters:no_upscale():max_bytes(150000):strip_icc()/39072-ddc963c7bc114cedad71d6420951c314.jpg,https://youtu.be/YkZlerfqTnI?feature=shared
177,Cherry Chicken Salad,15 mins,,4,11143,cup,0.33333, diced ,"In a large bowl, combine the chicken, dried cherries, celery, nuts, mayonnaise, milk, salt and pepper and apple if desired. Toss together well and refrigerate until chilled. Serve on toasted cracked wheat bread or croissants.",Salad,261,https://www.allrecipes.com/thmb/aKCKs0GrF4JY1s3kTEqZgsx8wf0=/1500x0/filters:no_upscale():max_bytes(150000):strip_icc()/39072-ddc963c7bc114cedad71d6420951c314.jpg,https://youtu.be/YkZlerfqTnI?feature=shared
177,Cherry Chicken Salad,15 mins,,4,12142,cup,0.33333," toasted, chopped","In a large bowl, combine the chicken, dried cherries, celery, nuts, mayonnaise, milk, salt and pepper and apple if desired. Toss together well and refrigerate until chilled. Serve on toasted cracked wheat bread or croissants.",Salad,261,https://www.allrecipes.com/thmb/aKCKs0GrF4JY1s3kTEqZgsx8wf0=/1500x0/filters:no_upscale():max_bytes(150000):strip_icc()/39072-ddc963c7bc114cedad71d6420951c314.jpg,https://youtu.be/YkZlerfqTnI?feature=shared
177,Cherry Chicken Salad,15 mins,,4,4018,cup,0.33333,low-fat,"In a large bowl, combine the chicken, dried cherries, celery, nuts, mayonnaise, milk, salt and pepper and apple if desired. Toss together well and refrigerate until chilled. Serve on toasted cracked wheat bread or croissants.",Salad,261,https://www.allrecipes.com/thmb/aKCKs0GrF4JY1s3kTEqZgsx8wf0=/1500x0/filters:no_upscale():max_bytes(150000):strip_icc()/39072-ddc963c7bc114cedad71d6420951c314.jpg,https://youtu.be/YkZlerfqTnI?feature=shared
177,Cherry Chicken Salad,15 mins,,4,1088,tablespoon,1,,"In a large bowl, combine the chicken, dried cherries, celery, nuts, mayonnaise, milk, salt and pepper and apple if desired. Toss together well and refrigerate until chilled. Serve on toasted cracked wheat bread or croissants.",Salad,261,https://www.allrecipes.com/thmb/aKCKs0GrF4JY1s3kTEqZgsx8wf0=/1500x0/filters:no_upscale():max_bytes(150000):strip_icc()/39072-ddc963c7bc114cedad71d6420951c314.jpg,https://youtu.be/YkZlerfqTnI?feature=shared
177,Cherry Chicken Salad,15 mins,,4,2047,teaspoon,0.5,,"In a large bowl, combine the chicken, dried cherries, celery, nuts, mayonnaise, milk, salt and pepper and apple if desired. Toss together well and refrigerate until chilled. Serve on toasted cracked wheat bread or croissants.",Salad,261,https://www.allrecipes.com/thmb/aKCKs0GrF4JY1s3kTEqZgsx8wf0=/1500x0/filters:no_upscale():max_bytes(150000):strip_icc()/39072-ddc963c7bc114cedad71d6420951c314.jpg,https://youtu.be/YkZlerfqTnI?feature=shared
177,Cherry Chicken Salad,15 mins,,4,2023,teaspoon,0.5, ground ,"In a large bowl, combine the chicken, dried cherries, celery, nuts, mayonnaise, milk, salt and pepper and apple if desired. Toss together well and refrigerate until chilled. Serve on toasted cracked wheat bread or croissants.",Salad,261,https://www.allrecipes.com/thmb/aKCKs0GrF4JY1s3kTEqZgsx8wf0=/1500x0/filters:no_upscale():max_bytes(150000):strip_icc()/39072-ddc963c7bc114cedad71d6420951c314.jpg,https://youtu.be/YkZlerfqTnI?feature=shared
177,Cherry Chicken Salad,15 mins,,4,9004,cup,0.33333, cubed | Optional,"In a large bowl, combine the chicken, dried cherries, celery, nuts, mayonnaise, milk, salt and pepper and apple if desired. Toss together well and refrigerate until chilled. Serve on toasted cracked wheat bread or croissants.",Salad,261,https://www.allrecipes.com/thmb/aKCKs0GrF4JY1s3kTEqZgsx8wf0=/1500x0/filters:no_upscale():max_bytes(150000):strip_icc()/39072-ddc963c7bc114cedad71d6420951c314.jpg,https://youtu.be/YkZlerfqTnI?feature=shared
238,Fresh Fig and Prosciutto Pasta Sauce,10 mins,10 mins,4,1145,tablespoons,2,,"Heat butter in a saucepan over low heat; gradually stir flour into melted butter until smooth and bubbly, 2 to 4 minutes. Add salt; stir to combine. Remove from heat; gradually stir in milk until smooth.
Return white sauce to stovetop; bring to a boil. Reduce heat and simmer over low heat.
Cook and stir prosciutto and figs in a non-stick pan over medium heat until warm, about 5 minutes. Stir lemon zest and lemon pepper seasoning into the white sauce. Serve figs and prosciutto atop sauce.",Sauces and Condiments,203,https://www.allrecipes.com/thmb/FwOOO6OLAgN6esIAoeabFCIMKWg=/1500x0/filters:no_upscale():max_bytes(150000):strip_icc()/1992301-a6d9ff2eb15e4cb8953f4b9eb41a4603.jpg,https://youtu.be/OzpX02vVsNM?feature=shared
238,Fresh Fig and Prosciutto Pasta Sauce,10 mins,10 mins,4,20481,tablespoons,2,,"Heat butter in a saucepan over low heat; gradually stir flour into melted butter until smooth and bubbly, 2 to 4 minutes. Add salt; stir to combine. Remove from heat; gradually stir in milk until smooth.
Return white sauce to stovetop; bring to a boil. Reduce heat and simmer over low heat.
Cook and stir prosciutto and figs in a non-stick pan over medium heat until warm, about 5 minutes. Stir lemon zest and lemon pepper seasoning into the white sauce. Serve figs and prosciutto atop sauce.",Sauces and Condiments,203,https://www.allrecipes.com/thmb/FwOOO6OLAgN6esIAoeabFCIMKWg=/1500x0/filters:no_upscale():max_bytes(150000):strip_icc()/1992301-a6d9ff2eb15e4cb8953f4b9eb41a4603.jpg,https://youtu.be/OzpX02vVsNM?feature=shared
238,Fresh Fig and Prosciutto Pasta Sauce,10 mins,10 mins,4,2047,teaspoon,0.5,,"Heat butter in a saucepan over low heat; gradually stir flour into melted butter until smooth and bubbly, 2 to 4 minutes. Add salt; stir to combine. Remove from heat; gradually stir in milk until smooth.
Return white sauce to stovetop; bring to a boil. Reduce heat and simmer over low heat.
Cook and stir prosciutto and figs in a non-stick pan over medium heat until warm, about 5 minutes. Stir lemon zest and lemon pepper seasoning into the white sauce. Serve figs and prosciutto atop sauce.",Sauces and Condiments,203,https://www.allrecipes.com/thmb/FwOOO6OLAgN6esIAoeabFCIMKWg=/1500x0/filters:no_upscale():max_bytes(150000):strip_icc()/1992301-a6d9ff2eb15e4cb8953f4b9eb41a4603.jpg,https://youtu.be/OzpX02vVsNM?feature=shared
238,Fresh Fig and Prosciutto Pasta Sauce,10 mins,10 mins,4,1077,cup,1,,"Heat butter in a saucepan over low heat; gradually stir flour into melted butter until smooth and bubbly, 2 to 4 minutes. Add salt; stir to combine. Remove from heat; gradually stir in milk until smooth.
Return white sauce to stovetop; bring to a boil. Reduce heat and simmer over low heat.
Cook and stir prosciutto and figs in a non-stick pan over medium heat until warm, about 5 minutes. Stir lemon zest and lemon pepper seasoning into the white sauce. Serve figs and prosciutto atop sauce.",Sauces and Condiments,203,https://www.allrecipes.com/thmb/FwOOO6OLAgN6esIAoeabFCIMKWg=/1500x0/filters:no_upscale():max_bytes(150000):strip_icc()/1992301-a6d9ff2eb15e4cb8953f4b9eb41a4603.jpg,https://youtu.be/OzpX02vVsNM?feature=shared
238,Fresh Fig and Prosciutto Pasta Sauce,10 mins,10 mins,4,P ,,6, thin slices | cut into thin strips,"Heat butter in a saucepan over low heat; gradually stir flour into melted butter until smooth and bubbly, 2 to 4 minutes. Add salt; stir to combine. Remove from heat; gradually stir in milk until smooth.
Return white sauce to stovetop; bring to a boil. Reduce heat and simmer over low heat.
Cook and stir prosciutto and figs in a non-stick pan over medium heat until warm, about 5 minutes. Stir lemon zest and lemon pepper seasoning into the white sauce. Serve figs and prosciutto atop sauce.",Sauces and Condiments,203,https://www.allrecipes.com/thmb/FwOOO6OLAgN6esIAoeabFCIMKWg=/1500x0/filters:no_upscale():max_bytes(150000):strip_icc()/1992301-a6d9ff2eb15e4cb8953f4b9eb41a4603.jpg,https://youtu.be/OzpX02vVsNM?feature=shared
238,Fresh Fig and Prosciutto Pasta Sauce,10 mins,10 mins,4,9089,,6, fresh | stemmed and quartered,"Heat butter in a saucepan over low heat; gradually stir flour into melted butter until smooth and bubbly, 2 to 4 minutes. Add salt; stir to combine. Remove from heat; gradually stir in milk until smooth.
Return white sauce to stovetop; bring to a boil. Reduce heat and simmer over low heat.
Cook and stir prosciutto and figs in a non-stick pan over medium heat until warm, about 5 minutes. Stir lemon zest and lemon pepper seasoning into the white sauce. Serve figs and prosciutto atop sauce.",Sauces and Condiments,203,https://www.allrecipes.com/thmb/FwOOO6OLAgN6esIAoeabFCIMKWg=/1500x0/filters:no_upscale():max_bytes(150000):strip_icc()/1992301-a6d9ff2eb15e4cb8953f4b9eb41a4603.jpg,https://youtu.be/OzpX02vVsNM?feature=shared
238,Fresh Fig and Prosciutto Pasta Sauce,10 mins,10 mins,4,9156,tablespoon,1,,"Heat butter in a saucepan over low heat; gradually stir flour into melted butter until smooth and bubbly, 2 to 4 minutes. Add salt; stir to combine. Remove from heat; gradually stir in milk until smooth.
Return white sauce to stovetop; bring to a boil. Reduce heat and simmer over low heat.
Cook and stir prosciutto and figs in a non-stick pan over medium heat until warm, about 5 minutes. Stir lemon zest and lemon pepper seasoning into the white sauce. Serve figs and prosciutto atop sauce.",Sauces and Condiments,203,https://www.allrecipes.com/thmb/FwOOO6OLAgN6esIAoeabFCIMKWg=/1500x0/filters:no_upscale():max_bytes(150000):strip_icc()/1992301-a6d9ff2eb15e4cb8953f4b9eb41a4603.jpg,https://youtu.be/OzpX02vVsNM?feature=shared
238,Fresh Fig and Prosciutto Pasta Sauce,10 mins,10 mins,4,LP,teaspoon,0.25," seasoning, or to taste","Heat butter in a saucepan over low heat; gradually stir flour into melted butter until smooth and bubbly, 2 to 4 minutes. Add salt; stir to combine. Remove from heat; gradually stir in milk until smooth.
Return white sauce to stovetop; bring to a boil. Reduce heat and simmer over low heat.
Cook and stir prosciutto and figs in a non-stick pan over medium heat until warm, about 5 minutes. Stir lemon zest and lemon pepper seasoning into the white sauce. Serve figs and prosciutto atop sauce.",Sauces and Condiments,203,https://www.allrecipes.com/thmb/FwOOO6OLAgN6esIAoeabFCIMKWg=/1500x0/filters:no_upscale():max_bytes(150000):strip_icc()/1992301-a6d9ff2eb15e4cb8953f4b9eb41a4603.jpg,https://youtu.be/OzpX02vVsNM?feature=shared
657,Char Siu (Chinese Barbeque Pork),15 mins,1 hrs 10 mins,4,19296,tablespoons,2,,"Mix honey, cooking wine, hoisin sauce, kiwi, dark soy sauce, chile sauce, garlic, oyster sauce, and five-spice powder together in a large resealable plastic bag. Add pork belly. Seal bag, pressing out as much air as possible.
Place bag on a plate and marinate pork belly in the refrigerator, flipping occasionally, for at least 2 days.
Preheat oven to 275 degrees F (135 degrees C) with a rack in the upper third of the oven. Set a wire rack on a rimmed baking sheet.
Place pork belly on the wire rack, reserving marinade.
Bake pork belly in the preheated oven until the internal temperature reaches 160 degrees F (71 degrees C), about 1 hour. Remove pork belly from the oven; baste with reserved marinade.
Move oven rack to the top position and preheat the oven's broiler.
Broil pork until it is dark and glossy and the edges start to blacken, about 5 minutes. Flip and baste on the second side. Continue broiling until second side darkens and starts to blacken, about 5 minutes more. Slice with a sharp knife.",Main Dishes,352,https://www.allrecipes.com/thmb/AX8NCGAiv5yQWFouOv7G2pKTGaE=/1500x0/filters:no_upscale():max_bytes(150000):strip_icc()/4513143-b7c407dd186d4db08e4ae981aec21d15.jpg,https://youtu.be/MPZ5fw35bc4?feature=shared
657,Char Siu (Chinese Barbeque Pork),15 mins,1 hrs 10 mins,4,SXW,tablespoons,2,,"Mix honey, cooking wine, hoisin sauce, kiwi, dark soy sauce, chile sauce, garlic, oyster sauce, and five-spice powder together in a large resealable plastic bag. Add pork belly. Seal bag, pressing out as much air as possible.
Place bag on a plate and marinate pork belly in the refrigerator, flipping occasionally, for at least 2 days.
Preheat oven to 275 degrees F (135 degrees C) with a rack in the upper third of the oven. Set a wire rack on a rimmed baking sheet.
Place pork belly on the wire rack, reserving marinade.
Bake pork belly in the preheated oven until the internal temperature reaches 160 degrees F (71 degrees C), about 1 hour. Remove pork belly from the oven; baste with reserved marinade.
Move oven rack to the top position and preheat the oven's broiler.
Broil pork until it is dark and glossy and the edges start to blacken, about 5 minutes. Flip and baste on the second side. Continue broiling until second side darkens and starts to blacken, about 5 minutes more. Slice with a sharp knife.",Main Dishes,352,https://www.allrecipes.com/thmb/AX8NCGAiv5yQWFouOv7G2pKTGaE=/1500x0/filters:no_upscale():max_bytes(150000):strip_icc()/4513143-b7c407dd186d4db08e4ae981aec21d15.jpg,https://youtu.be/MPZ5fw35bc4?feature=shared
657,Char Siu (Chinese Barbeque Pork),15 mins,1 hrs 10 mins,4,6175,tablespoon,1,,"Mix honey, cooking wine, hoisin sauce, kiwi, dark soy sauce, chile sauce, garlic, oyster sauce, and five-spice powder together in a large resealable plastic bag. Add pork belly. Seal bag, pressing out as much air as possible.
Place bag on a plate and marinate pork belly in the refrigerator, flipping occasionally, for at least 2 days.
Preheat oven to 275 degrees F (135 degrees C) with a rack in the upper third of the oven. Set a wire rack on a rimmed baking sheet.
Place pork belly on the wire rack, reserving marinade.
Bake pork belly in the preheated oven until the internal temperature reaches 160 degrees F (71 degrees C), about 1 hour. Remove pork belly from the oven; baste with reserved marinade.
Move oven rack to the top position and preheat the oven's broiler.
Broil pork until it is dark and glossy and the edges start to blacken, about 5 minutes. Flip and baste on the second side. Continue broiling until second side darkens and starts to blacken, about 5 minutes more. Slice with a sharp knife.",Main Dishes,352,https://www.allrecipes.com/thmb/AX8NCGAiv5yQWFouOv7G2pKTGaE=/1500x0/filters:no_upscale():max_bytes(150000):strip_icc()/4513143-b7c407dd186d4db08e4ae981aec21d15.jpg,https://youtu.be/MPZ5fw35bc4?feature=shared
657,Char Siu (Chinese Barbeque Pork),15 mins,1 hrs 10 mins,4,9148,tablespoon,1, pureed ,"Mix honey, cooking wine, hoisin sauce, kiwi, dark soy sauce, chile sauce, garlic, oyster sauce, and five-spice powder together in a large resealable plastic bag. Add pork belly. Seal bag, pressing out as much air as possible.
Place bag on a plate and marinate pork belly in the refrigerator, flipping occasionally, for at least 2 days.
Preheat oven to 275 degrees F (135 degrees C) with a rack in the upper third of the oven. Set a wire rack on a rimmed baking sheet.
Place pork belly on the wire rack, reserving marinade.
Bake pork belly in the preheated oven until the internal temperature reaches 160 degrees F (71 degrees C), about 1 hour. Remove pork belly from the oven; baste with reserved marinade.
Move oven rack to the top position and preheat the oven's broiler.
Broil pork until it is dark and glossy and the edges start to blacken, about 5 minutes. Flip and baste on the second side. Continue broiling until second side darkens and starts to blacken, about 5 minutes more. Slice with a sharp knife.",Main Dishes,352,https://www.allrecipes.com/thmb/AX8NCGAiv5yQWFouOv7G2pKTGaE=/1500x0/filters:no_upscale():max_bytes(150000):strip_icc()/4513143-b7c407dd186d4db08e4ae981aec21d15.jpg,https://youtu.be/MPZ5fw35bc4?feature=shared
657,Char Siu (Chinese Barbeque Pork),15 mins,1 hrs 10 mins,4,CDS,tablespoon,1,,"Mix honey, cooking wine, hoisin sauce, kiwi, dark soy sauce, chile sauce, garlic, oyster sauce, and five-spice powder together in a large resealable plastic bag. Add pork belly. Seal bag, pressing out as much air as possible.
Place bag on a plate and marinate pork belly in the refrigerator, flipping occasionally, for at least 2 days.
Preheat oven to 275 degrees F (135 degrees C) with a rack in the upper third of the oven. Set a wire rack on a rimmed baking sheet.
Place pork belly on the wire rack, reserving marinade.
Bake pork belly in the preheated oven until the internal temperature reaches 160 degrees F (71 degrees C), about 1 hour. Remove pork belly from the oven; baste with reserved marinade.
Move oven rack to the top position and preheat the oven's broiler.
Broil pork until it is dark and glossy and the edges start to blacken, about 5 minutes. Flip and baste on the second side. Continue broiling until second side darkens and starts to blacken, about 5 minutes more. Slice with a sharp knife.",Main Dishes,352,https://www.allrecipes.com/thmb/AX8NCGAiv5yQWFouOv7G2pKTGaE=/1500x0/filters:no_upscale():max_bytes(150000):strip_icc()/4513143-b7c407dd186d4db08e4ae981aec21d15.jpg,https://youtu.be/MPZ5fw35bc4?feature=shared
657,Char Siu (Chinese Barbeque Pork),15 mins,1 hrs 10 mins,4,6633,tablespoon,1,,"Mix honey, cooking wine, hoisin sauce, kiwi, dark soy sauce, chile sauce, garlic, oyster sauce, and five-spice powder together in a large resealable plastic bag. Add pork belly. Seal bag, pressing out as much air as possible.
Place bag on a plate and marinate pork belly in the refrigerator, flipping occasionally, for at least 2 days.
Preheat oven to 275 degrees F (135 degrees C) with a rack in the upper third of the oven. Set a wire rack on a rimmed baking sheet.
Place pork belly on the wire rack, reserving marinade.
Bake pork belly in the preheated oven until the internal temperature reaches 160 degrees F (71 degrees C), about 1 hour. Remove pork belly from the oven; baste with reserved marinade.
Move oven rack to the top position and preheat the oven's broiler.
Broil pork until it is dark and glossy and the edges start to blacken, about 5 minutes. Flip and baste on the second side. Continue broiling until second side darkens and starts to blacken, about 5 minutes more. Slice with a sharp knife.",Main Dishes,352,https://www.allrecipes.com/thmb/AX8NCGAiv5yQWFouOv7G2pKTGaE=/1500x0/filters:no_upscale():max_bytes(150000):strip_icc()/4513143-b7c407dd186d4db08e4ae981aec21d15.jpg,https://youtu.be/MPZ5fw35bc4?feature=shared
657,Char Siu (Chinese Barbeque Pork),15 mins,1 hrs 10 mins,4,G012,cloves,2,| grated,"Mix honey, cooking wine, hoisin sauce, kiwi, dark soy sauce, chile sauce, garlic, oyster sauce, and five-spice powder together in a large resealable plastic bag. Add pork belly. Seal bag, pressing out as much air as possible.
Place bag on a plate and marinate pork belly in the refrigerator, flipping occasionally, for at least 2 days.
Preheat oven to 275 degrees F (135 degrees C) with a rack in the upper third of the oven. Set a wire rack on a rimmed baking sheet.
Place pork belly on the wire rack, reserving marinade.
Bake pork belly in the preheated oven until the internal temperature reaches 160 degrees F (71 degrees C), about 1 hour. Remove pork belly from the oven; baste with reserved marinade.
Move oven rack to the top position and preheat the oven's broiler.
Broil pork until it is dark and glossy and the edges start to blacken, about 5 minutes. Flip and baste on the second side. Continue broiling until second side darkens and starts to blacken, about 5 minutes more. Slice with a sharp knife.",Main Dishes,352,https://www.allrecipes.com/thmb/AX8NCGAiv5yQWFouOv7G2pKTGaE=/1500x0/filters:no_upscale():max_bytes(150000):strip_icc()/4513143-b7c407dd186d4db08e4ae981aec21d15.jpg,https://youtu.be/MPZ5fw35bc4?feature=shared
657,Char Siu (Chinese Barbeque Pork),15 mins,1 hrs 10 mins,4,6176,teaspoons,2,,"Mix honey, cooking wine, hoisin sauce, kiwi, dark soy sauce, chile sauce, garlic, oyster sauce, and five-spice powder together in a large resealable plastic bag. Add pork belly. Seal bag, pressing out as much air as possible.
Place bag on a plate and marinate pork belly in the refrigerator, flipping occasionally, for at least 2 days.
Preheat oven to 275 degrees F (135 degrees C) with a rack in the upper third of the oven. Set a wire rack on a rimmed baking sheet.
Place pork belly on the wire rack, reserving marinade.
Bake pork belly in the preheated oven until the internal temperature reaches 160 degrees F (71 degrees C), about 1 hour. Remove pork belly from the oven; baste with reserved marinade.
Move oven rack to the top position and preheat the oven's broiler.
Broil pork until it is dark and glossy and the edges start to blacken, about 5 minutes. Flip and baste on the second side. Continue broiling until second side darkens and starts to blacken, about 5 minutes more. Slice with a sharp knife.",Main Dishes,352,https://www.allrecipes.com/thmb/AX8NCGAiv5yQWFouOv7G2pKTGaE=/1500x0/filters:no_upscale():max_bytes(150000):strip_icc()/4513143-b7c407dd186d4db08e4ae981aec21d15.jpg,https://youtu.be/MPZ5fw35bc4?feature=shared
657,Char Siu (Chinese Barbeque Pork),15 mins,1 hrs 10 mins,4,C5P,teaspoon,0.5,,"Mix honey, cooking wine, hoisin sauce, kiwi, dark soy sauce, chile sauce, garlic, oyster sauce, and five-spice powder together in a large resealable plastic bag. Add pork belly. Seal bag, pressing out as much air as possible.
Place bag on a plate and marinate pork belly in the refrigerator, flipping occasionally, for at least 2 days.
Preheat oven to 275 degrees F (135 degrees C) with a rack in the upper third of the oven. Set a wire rack on a rimmed baking sheet.
Place pork belly on the wire rack, reserving marinade.
Bake pork belly in the preheated oven until the internal temperature reaches 160 degrees F (71 degrees C), about 1 hour. Remove pork belly from the oven; baste with reserved marinade.
Move oven rack to the top position and preheat the oven's broiler.
Broil pork until it is dark and glossy and the edges start to blacken, about 5 minutes. Flip and baste on the second side. Continue broiling until second side darkens and starts to blacken, about 5 minutes more. Slice with a sharp knife.",Main Dishes,352,https://www.allrecipes.com/thmb/AX8NCGAiv5yQWFouOv7G2pKTGaE=/1500x0/filters:no_upscale():max_bytes(150000):strip_icc()/4513143-b7c407dd186d4db08e4ae981aec21d15.jpg,https://youtu.be/MPZ5fw35bc4?feature=shared
657,Char Siu (Chinese Barbeque Pork),15 mins,1 hrs 10 mins,4,10860,pounds,1.5, skin removed,"Mix honey, cooking wine, hoisin sauce, kiwi, dark soy sauce, chile sauce, garlic, oyster sauce, and five-spice powder together in a large resealable plastic bag. Add pork belly. Seal bag, pressing out as much air as possible.
Place bag on a plate and marinate pork belly in the refrigerator, flipping occasionally, for at least 2 days.
Preheat oven to 275 degrees F (135 degrees C) with a rack in the upper third of the oven. Set a wire rack on a rimmed baking sheet.
Place pork belly on the wire rack, reserving marinade.
Bake pork belly in the preheated oven until the internal temperature reaches 160 degrees F (71 degrees C), about 1 hour. Remove pork belly from the oven; baste with reserved marinade.
Move oven rack to the top position and preheat the oven's broiler.
Broil pork until it is dark and glossy and the edges start to blacken, about 5 minutes. Flip and baste on the second side. Continue broiling until second side darkens and starts to blacken, about 5 minutes more. Slice with a sharp knife.",Main Dishes,352,https://www.allrecipes.com/thmb/AX8NCGAiv5yQWFouOv7G2pKTGaE=/1500x0/filters:no_upscale():max_bytes(150000):strip_icc()/4513143-b7c407dd186d4db08e4ae981aec21d15.jpg,https://youtu.be/MPZ5fw35bc4?feature=shared
805,Mexican Chicken Soup,20 mins,45 mins,6,5061,pounds,1.25,skinless boneless | halves,"Preheat the oven to 350 degrees F (175 degrees C).
Lay chicken breasts evenly onto a baking sheet. Sprinkle with 1 tablespoon taco seasoning mix.
Bake chicken in the preheated oven until no longer pink in the center and the juices run clear, 30 to 35 minutes. An instant-read thermometer inserted into the center should read at least 165 degrees F (74 degrees C). Allow to cool enough to handle, then shred or cut into strips.
While chicken is cooking, warm oil in a stockpot over medium-high heat. Cook and stir onions and celery in hot oil until onion has softened and turned translucent, about 5 minutes. Stir in chicken broth and water; bring to a boil. Add remaining 1 tablespoon taco seasoning mix, cumin, and black pepper. Reduce heat to medium and simmer until flavors blend, about 30 minutes.
Add chicken, tomatoes, and cilantro; simmer for 5 minutes. Serve soup hot topped with cheese, tortilla chips, and avocado.",Soups or Stews,308,https://www.allrecipes.com/thmb/LY1WiZtcNl2xyNzm1d3FIHEIdsM=/1500x0/filters:no_upscale():max_bytes(150000):strip_icc()/3860625-9d7c60415510481599206082c3b676c7.jpg,https://youtu.be/-7FRC0mjodY?feature=shared
805,Mexican Chicken Soup,20 mins,45 mins,6,2075,tablespoons,2,divided,"Preheat the oven to 350 degrees F (175 degrees C).
Lay chicken breasts evenly onto a baking sheet. Sprinkle with 1 tablespoon taco seasoning mix.
Bake chicken in the preheated oven until no longer pink in the center and the juices run clear, 30 to 35 minutes. An instant-read thermometer inserted into the center should read at least 165 degrees F (74 degrees C). Allow to cool enough to handle, then shred or cut into strips.
While chicken is cooking, warm oil in a stockpot over medium-high heat. Cook and stir onions and celery in hot oil until onion has softened and turned translucent, about 5 minutes. Stir in chicken broth and water; bring to a boil. Add remaining 1 tablespoon taco seasoning mix, cumin, and black pepper. Reduce heat to medium and simmer until flavors blend, about 30 minutes.
Add chicken, tomatoes, and cilantro; simmer for 5 minutes. Serve soup hot topped with cheese, tortilla chips, and avocado.",Soups or Stews,308,https://www.allrecipes.com/thmb/LY1WiZtcNl2xyNzm1d3FIHEIdsM=/1500x0/filters:no_upscale():max_bytes(150000):strip_icc()/3860625-9d7c60415510481599206082c3b676c7.jpg,https://youtu.be/-7FRC0mjodY?feature=shared
805,Mexican Chicken Soup,20 mins,45 mins,6,4669,tablespoon,1,,"Preheat the oven to 350 degrees F (175 degrees C).
Lay chicken breasts evenly onto a baking sheet. Sprinkle with 1 tablespoon taco seasoning mix.
Bake chicken in the preheated oven until no longer pink in the center and the juices run clear, 30 to 35 minutes. An instant-read thermometer inserted into the center should read at least 165 degrees F (74 degrees C). Allow to cool enough to handle, then shred or cut into strips.
While chicken is cooking, warm oil in a stockpot over medium-high heat. Cook and stir onions and celery in hot oil until onion has softened and turned translucent, about 5 minutes. Stir in chicken broth and water; bring to a boil. Add remaining 1 tablespoon taco seasoning mix, cumin, and black pepper. Reduce heat to medium and simmer until flavors blend, about 30 minutes.
Add chicken, tomatoes, and cilantro; simmer for 5 minutes. Serve soup hot topped with cheese, tortilla chips, and avocado.",Soups or Stews,308,https://www.allrecipes.com/thmb/LY1WiZtcNl2xyNzm1d3FIHEIdsM=/1500x0/filters:no_upscale():max_bytes(150000):strip_icc()/3860625-9d7c60415510481599206082c3b676c7.jpg,https://youtu.be/-7FRC0mjodY?feature=shared
805,Mexican Chicken Soup,20 mins,45 mins,6,11282,cup,0.5,chopped,"Preheat the oven to 350 degrees F (175 degrees C).
Lay chicken breasts evenly onto a baking sheet. Sprinkle with 1 tablespoon taco seasoning mix.
Bake chicken in the preheated oven until no longer pink in the center and the juices run clear, 30 to 35 minutes. An instant-read thermometer inserted into the center should read at least 165 degrees F (74 degrees C). Allow to cool enough to handle, then shred or cut into strips.
While chicken is cooking, warm oil in a stockpot over medium-high heat. Cook and stir onions and celery in hot oil until onion has softened and turned translucent, about 5 minutes. Stir in chicken broth and water; bring to a boil. Add remaining 1 tablespoon taco seasoning mix, cumin, and black pepper. Reduce heat to medium and simmer until flavors blend, about 30 minutes.
Add chicken, tomatoes, and cilantro; simmer for 5 minutes. Serve soup hot topped with cheese, tortilla chips, and avocado.",Soups or Stews,308,https://www.allrecipes.com/thmb/LY1WiZtcNl2xyNzm1d3FIHEIdsM=/1500x0/filters:no_upscale():max_bytes(150000):strip_icc()/3860625-9d7c60415510481599206082c3b676c7.jpg,https://youtu.be/-7FRC0mjodY?feature=shared
805,Mexican Chicken Soup,20 mins,45 mins,6,11143,cup,0.5,chopped,"Preheat the oven to 350 degrees F (175 degrees C).
Lay chicken breasts evenly onto a baking sheet. Sprinkle with 1 tablespoon taco seasoning mix.
Bake chicken in the preheated oven until no longer pink in the center and the juices run clear, 30 to 35 minutes. An instant-read thermometer inserted into the center should read at least 165 degrees F (74 degrees C). Allow to cool enough to handle, then shred or cut into strips.
While chicken is cooking, warm oil in a stockpot over medium-high heat. Cook and stir onions and celery in hot oil until onion has softened and turned translucent, about 5 minutes. Stir in chicken broth and water; bring to a boil. Add remaining 1 tablespoon taco seasoning mix, cumin, and black pepper. Reduce heat to medium and simmer until flavors blend, about 30 minutes.
Add chicken, tomatoes, and cilantro; simmer for 5 minutes. Serve soup hot topped with cheese, tortilla chips, and avocado.",Soups or Stews,308,https://www.allrecipes.com/thmb/LY1WiZtcNl2xyNzm1d3FIHEIdsM=/1500x0/filters:no_upscale():max_bytes(150000):strip_icc()/3860625-9d7c60415510481599206082c3b676c7.jpg,https://youtu.be/-7FRC0mjodY?feature=shared
805,Mexican Chicken Soup,20 mins,45 mins,6,G025,teaspoons,2,ground,"Preheat the oven to 350 degrees F (175 degrees C).
Lay chicken breasts evenly onto a baking sheet. Sprinkle with 1 tablespoon taco seasoning mix.
Bake chicken in the preheated oven until no longer pink in the center and the juices run clear, 30 to 35 minutes. An instant-read thermometer inserted into the center should read at least 165 degrees F (74 degrees C). Allow to cool enough to handle, then shred or cut into strips.
While chicken is cooking, warm oil in a stockpot over medium-high heat. Cook and stir onions and celery in hot oil until onion has softened and turned translucent, about 5 minutes. Stir in chicken broth and water; bring to a boil. Add remaining 1 tablespoon taco seasoning mix, cumin, and black pepper. Reduce heat to medium and simmer until flavors blend, about 30 minutes.
Add chicken, tomatoes, and cilantro; simmer for 5 minutes. Serve soup hot topped with cheese, tortilla chips, and avocado.",Soups or Stews,308,https://www.allrecipes.com/thmb/LY1WiZtcNl2xyNzm1d3FIHEIdsM=/1500x0/filters:no_upscale():max_bytes(150000):strip_icc()/3860625-9d7c60415510481599206082c3b676c7.jpg,https://youtu.be/-7FRC0mjodY?feature=shared
805,Mexican Chicken Soup,20 mins,45 mins,6,2023,teaspoon,0.25,ground,"Preheat the oven to 350 degrees F (175 degrees C).
Lay chicken breasts evenly onto a baking sheet. Sprinkle with 1 tablespoon taco seasoning mix.
Bake chicken in the preheated oven until no longer pink in the center and the juices run clear, 30 to 35 minutes. An instant-read thermometer inserted into the center should read at least 165 degrees F (74 degrees C). Allow to cool enough to handle, then shred or cut into strips.
While chicken is cooking, warm oil in a stockpot over medium-high heat. Cook and stir onions and celery in hot oil until onion has softened and turned translucent, about 5 minutes. Stir in chicken broth and water; bring to a boil. Add remaining 1 tablespoon taco seasoning mix, cumin, and black pepper. Reduce heat to medium and simmer until flavors blend, about 30 minutes.
Add chicken, tomatoes, and cilantro; simmer for 5 minutes. Serve soup hot topped with cheese, tortilla chips, and avocado.",Soups or Stews,308,https://www.allrecipes.com/thmb/LY1WiZtcNl2xyNzm1d3FIHEIdsM=/1500x0/filters:no_upscale():max_bytes(150000):strip_icc()/3860625-9d7c60415510481599206082c3b676c7.jpg,https://youtu.be/-7FRC0mjodY?feature=shared
805,Mexican Chicken Soup,20 mins,45 mins,6,6183,cans,3,,"Preheat the oven to 350 degrees F (175 degrees C).
Lay chicken breasts evenly onto a baking sheet. Sprinkle with 1 tablespoon taco seasoning mix.
Bake chicken in the preheated oven until no longer pink in the center and the juices run clear, 30 to 35 minutes. An instant-read thermometer inserted into the center should read at least 165 degrees F (74 degrees C). Allow to cool enough to handle, then shred or cut into strips.
While chicken is cooking, warm oil in a stockpot over medium-high heat. Cook and stir onions and celery in hot oil until onion has softened and turned translucent, about 5 minutes. Stir in chicken broth and water; bring to a boil. Add remaining 1 tablespoon taco seasoning mix, cumin, and black pepper. Reduce heat to medium and simmer until flavors blend, about 30 minutes.
Add chicken, tomatoes, and cilantro; simmer for 5 minutes. Serve soup hot topped with cheese, tortilla chips, and avocado.",Soups or Stews,308,https://www.allrecipes.com/thmb/LY1WiZtcNl2xyNzm1d3FIHEIdsM=/1500x0/filters:no_upscale():max_bytes(150000):strip_icc()/3860625-9d7c60415510481599206082c3b676c7.jpg,https://youtu.be/-7FRC0mjodY?feature=shared
805,Mexican Chicken Soup,20 mins,45 mins,6,14555,cup,1,,"Preheat the oven to 350 degrees F (175 degrees C).
Lay chicken breasts evenly onto a baking sheet. Sprinkle with 1 tablespoon taco seasoning mix.
Bake chicken in the preheated oven until no longer pink in the center and the juices run clear, 30 to 35 minutes. An instant-read thermometer inserted into the center should read at least 165 degrees F (74 degrees C). Allow to cool enough to handle, then shred or cut into strips.
While chicken is cooking, warm oil in a stockpot over medium-high heat. Cook and stir onions and celery in hot oil until onion has softened and turned translucent, about 5 minutes. Stir in chicken broth and water; bring to a boil. Add remaining 1 tablespoon taco seasoning mix, cumin, and black pepper. Reduce heat to medium and simmer until flavors blend, about 30 minutes.
Add chicken, tomatoes, and cilantro; simmer for 5 minutes. Serve soup hot topped with cheese, tortilla chips, and avocado.",Soups or Stews,308,https://www.allrecipes.com/thmb/LY1WiZtcNl2xyNzm1d3FIHEIdsM=/1500x0/filters:no_upscale():max_bytes(150000):strip_icc()/3860625-9d7c60415510481599206082c3b676c7.jpg,https://youtu.be/-7FRC0mjodY?feature=shared
805,Mexican Chicken Soup,20 mins,45 mins,6,11527,cup,1,diced,"Preheat the oven to 350 degrees F (175 degrees C).
Lay chicken breasts evenly onto a baking sheet. Sprinkle with 1 tablespoon taco seasoning mix.
Bake chicken in the preheated oven until no longer pink in the center and the juices run clear, 30 to 35 minutes. An instant-read thermometer inserted into the center should read at least 165 degrees F (74 degrees C). Allow to cool enough to handle, then shred or cut into strips.
While chicken is cooking, warm oil in a stockpot over medium-high heat. Cook and stir onions and celery in hot oil until onion has softened and turned translucent, about 5 minutes. Stir in chicken broth and water; bring to a boil. Add remaining 1 tablespoon taco seasoning mix, cumin, and black pepper. Reduce heat to medium and simmer until flavors blend, about 30 minutes.
Add chicken, tomatoes, and cilantro; simmer for 5 minutes. Serve soup hot topped with cheese, tortilla chips, and avocado.",Soups or Stews,308,https://www.allrecipes.com/thmb/LY1WiZtcNl2xyNzm1d3FIHEIdsM=/1500x0/filters:no_upscale():max_bytes(150000):strip_icc()/3860625-9d7c60415510481599206082c3b676c7.jpg,https://youtu.be/-7FRC0mjodY?feature=shared
805,Mexican Chicken Soup,20 mins,45 mins,6,11165,tablespoon,1,chopped fresh,"Preheat the oven to 350 degrees F (175 degrees C).
Lay chicken breasts evenly onto a baking sheet. Sprinkle with 1 tablespoon taco seasoning mix.
Bake chicken in the preheated oven until no longer pink in the center and the juices run clear, 30 to 35 minutes. An instant-read thermometer inserted into the center should read at least 165 degrees F (74 degrees C). Allow to cool enough to handle, then shred or cut into strips.
While chicken is cooking, warm oil in a stockpot over medium-high heat. Cook and stir onions and celery in hot oil until onion has softened and turned translucent, about 5 minutes. Stir in chicken broth and water; bring to a boil. Add remaining 1 tablespoon taco seasoning mix, cumin, and black pepper. Reduce heat to medium and simmer until flavors blend, about 30 minutes.
Add chicken, tomatoes, and cilantro; simmer for 5 minutes. Serve soup hot topped with cheese, tortilla chips, and avocado.",Soups or Stews,308,https://www.allrecipes.com/thmb/LY1WiZtcNl2xyNzm1d3FIHEIdsM=/1500x0/filters:no_upscale():max_bytes(150000):strip_icc()/3860625-9d7c60415510481599206082c3b676c7.jpg,https://youtu.be/-7FRC0mjodY?feature=shared